{"A":{"0":0.8849733475,"1":-0.5498423834,"2":-1.0132455259,"3":-0.4607618066,"4":0.3933844389,"5":-0.2122425183,"6":-1.3556333951,"7":0.0068352841,"8":-1.384468212,"9":-1.7376846176},"B":{"0":1.1777496014,"1":1.213726236,"2":-0.4872352716,"3":-0.9156840662,"4":-0.6748275416,"5":0.1840360632,"6":0.0079053137,"7":-0.703658194,"8":-0.3752039646,"9":0.9638570759},"C":{"0":0.1494904629,"1":1.1466007874,"2":-0.4500972702,"3":1.0725829987,"4":2.1075856408,"5":-0.7187941157,"6":1.5280966789,"7":0.0776989685,"8":1.0745409303,"9":-0.2135920173},"D":{"0":0.7243035791,"1":-0.760074373,"2":-0.2762961822,"3":2.0153592426,"4":0.9017041021,"5":0.449226032,"6":1.9828220403,"7":1.1943608252,"8":-0.2985139181,"9":0.137694522},"E":{"0":-0.3440907445,"1":-0.2769317981,"2":1.9452925418,"3":-1.3920755616,"4":-0.2098836062,"5":0.2860045565,"6":1.0006096103,"7":-0.1980529624,"8":0.5047141955,"9":-0.3274801847}}